{"570": {"appid": 570, "name": "Dota 2", "developer": "Valve", "publisher": "Valve", "score_rank": "", "positive": 1887652, "negative": 424153, "userscore": 0, "owners": "200,000,000 .. 500,000,000", "average_forever": 44237, "average_2weeks": 1578, "median_forever": 931, "median_2weeks": 508, "price": "0", "initialprice": "0", "discount": "0", "ccu": 572276, "tags": {"Free to Play": 59700, "MOBA": 20021, "Multiplayer": 15231, "Strategy": 14150, "e-sports": 11689, "Team-Based": 10865, "Competitive": 8209, "Action": 7866, "Online Co-Op": 7399, "PvP": 5981, "Difficult": 5275, "Co-op": 4256, "RTS": 4069, "RPG": 3756, "Tower Defense": 3729, "Fantasy": 3708, "Character Customization": 2894, "Replay Value": 2731, "Action RPG": 2428, "Simulation": 1959}}, "730": {"appid": 730, "name": "Counter-Strike: Global Offensive", "developer": "Valve", "publisher": "Valve", "score_rank": "", "positive": 7216172, "negative": 1068690, "userscore": 0, "owners": "100,000,000 .. 200,000,000", "average_forever": 32064, "average_2weeks": 749, "median_forever": 5386, "median_2weeks": 297, "price": "0", "initialprice": "0", "discount": "0", "ccu": 1298156, "tags": {"FPS": 90372, "Shooter": 65019, "Multiplayer": 61993, "Competitive": 53065, "Action": 47295, "Team-Based": 46201, "e-sports": 43292, "Tactical": 41155, "First-Person": 39201, "PvP": 34281, "Online Co-Op": 33814, "Co-op": 30127, "Strategy": 29977, "Military": 28583, "War": 27892, "Difficult": 25871, "Trading": 25559, "Realistic": 25324, "Fast-Paced": 25238, "Moddable": 6515}}, "578080": {"appid": 578080, "name": "PUBG: BATTLEGROUNDS", "developer": "KRAFTON, Inc.", "publisher": "KRAFTON, Inc.", "score_rank": "", "positive": 1422693, "negative": 1000004, "userscore": 0, "owners": "50,000,000 .. 100,000,000", "average_forever": 22973, "average_2weeks": 776, "median_forever": 6493, "median_2weeks": 347, "price": "0", "initialprice": "0", "discount": "0", "ccu": 599441, "tags": {"Survival": 14712, "Shooter": 12566, "Battle Royale": 10756, "Multiplayer": 10712, "FPS": 8310, "PvP": 7640, "Third-Person Shooter": 7243, "Action": 5953, "Online Co-Op": 5302, "Tactical": 4995, "Co-op": 4277, "First-Person": 4034, "Strategy": 3074, "Early Access": 2811, "Competitive": 2384, "Third Person": 2322, "Team-Based": 2042, "Difficult": 1710, "Simulation": 1361, "Stealth": 1267}}, "1172470": {"appid": 1172470, "name": "Apex Legends", "developer": "Respawn", "publisher": "Electronic Arts", "score_rank": "", "positive": 646714, "negative": 295571, "userscore": 0, "owners": "50,000,000 .. 100,000,000", "average_forever": 8760, "average_2weeks": 413, "median_forever": 758, "median_2weeks": 181, "price": "0", "initialprice": "0", "discount": "0", "ccu": 217195, "tags": {"Free to Play": 2037, "Battle Royale": 1410, "Multiplayer": 1392, "FPS": 1334, "Shooter": 1289, "First-Person": 1068, "PvP": 890, "Action": 791, "Hero Shooter": 725, "Team-Based": 717, "Tactical": 537, "Sci-fi": 487, "Survival": 482, "Loot": 476, "Character Customization": 466, "Funny": 448, "Co-op": 442, "Lore-Rich": 360, "Cyberpunk": 348, "Cinematic": 287}}, "440": {"appid": 440, "name": "Team Fortress 2", "developer": "Valve", "publisher": "Valve", "score_rank": "", "positive": 979250, "negative": 137124, "userscore": 0, "owners": "50,000,000 .. 100,000,000", "average_forever": 11696, "average_2weeks": 707, "median_forever": 388, "median_2weeks": 375, "price": "0", "initialprice": "0", "discount": "0", "ccu": 58080, "tags": {"Free to Play": 62657, "Hero Shooter": 60970, "Multiplayer": 22723, "FPS": 15619, "Shooter": 12676, "Action": 12042, "Class-Based": 9813, "Team-Based": 9395, "Funny": 9349, "First-Person": 7887, "Online Co-Op": 7294, "Competitive": 7067, "Cartoony": 7064, "Trading": 6791, "Co-op": 5794, "Comedy": 5333, "Robots": 4980, "Tactical": 3980, "Cartoon": 3927, "Crafting": 3674}}, "1623730": {"appid": 1623730, "name": "Palworld", "developer": "Pocketpair", "publisher": "Pocketpair", "score_rank": "", "positive": 297196, "negative": 19765, "userscore": 0, "owners": "50,000,000 .. 100,000,000", "average_forever": 3192, "average_2weeks": 263, "median_forever": 1991, "median_2weeks": 56, "price": "2999", "initialprice": "2999", "discount": "0", "ccu": 26053, "tags": {"Open World": 1130, "Multiplayer": 1078, "Survival": 1073, "Creature Collector": 1059, "Open World Survival Craft": 982, "Crafting": 764, "Co-op": 723, "Adventure": 677, "Sandbox": 583, "Third-Person Shooter": 472, "Automation": 446, "Action": 416, "Early Access": 395, "RPG": 390, "Anime": 375, "PvE": 351, "3D": 342, "Indie": 315, "Looter Shooter": 296, "Hack and Slash": 262}}, "1063730": {"appid": 1063730, "name": "New World", "developer": "Amazon Games", "publisher": "Amazon Games", "score_rank": "", "positive": 191630, "negative": 88337, "userscore": 0, "owners": "50,000,000 .. 100,000,000", "average_forever": 8213, "average_2weeks": 425, "median_forever": 3996, "median_2weeks": 621, "price": "3999", "initialprice": "3999", "discount": "0", "ccu": 3645, "tags": {"Open World": 793, "Massively Multiplayer": 774, "MMORPG": 735, "RPG": 618, "Adventure": 548, "Action": 476, "PvP": 460, "PvE": 448, "Multiplayer": 383, "Fantasy": 321, "Character Customization": 315, "Walking Simulator": 299, "Crafting": 278, "Third Person": 250, "Co-op": 205, "Open World Survival Craft": 204, "Sandbox": 165, "Violent": 150, "Sexual Content": 117, "Singleplayer": 87}}, "2358720": {"appid": 2358720, "name": "Black Myth: Wukong", "developer": "Game Science", "publisher": "Game Science", "score_rank": "", "positive": 709252, "negative": 30563, "userscore": 0, "owners": "50,000,000 .. 100,000,000", "average_forever": 1983, "average_2weeks": 1700, "median_forever": 1756, "median_2weeks": 1524, "price": "5999", "initialprice": "5999", "discount": "0", "ccu": 1212446, "tags": {"Mythology": 8790, "Action RPG": 7265, "Action": 6821, "RPG": 6145, "Souls-like": 6104, "Combat": 5031, "Story Rich": 4866, "Singleplayer": 4667, "Drama": 4171, "Action-Adventure": 4143, "Dark Fantasy": 4064, "Atmospheric": 3489, "Adventure": 3456, "3D": 2910, "Fantasy": 2724, "Hack and Slash": 2433, "Third Person": 630, "Difficult": 613, "Music": 522, "Violent": 402}}, "1938090": {"appid": 1938090, "name": "Call of Duty: Modern Warfare II", "developer": "Sledgehammer Games, Treyarch, Infinity Ward, Beenox, Raven Software, High Moon Studios, Demonware", "publisher": "Activision", "score_rank": "", "positive": 357104, "negative": 254896, "userscore": 0, "owners": "50,000,000 .. 100,000,000", "average_forever": 4311, "average_2weeks": 644, "median_forever": 378, "median_2weeks": 167, "price": "6999", "initialprice": "6999", "discount": "0", "ccu": 100062, "tags": {"FPS": 2068, "Multiplayer": 1809, "Shooter": 1735, "Action": 1688, "Singleplayer": 1684, "Military": 1604, "First-Person": 1537, "War": 1474, "Modern": 1396, "Tactical": 1317, "Violent": 1295, "Co-op": 1277, "Realistic": 1259, "Story Rich": 1204, "Atmospheric": 1044, "Mature": 534, "Online Co-Op": 469, "Gore": 344, "Third-Person Shooter": 247, "Third Person": 238}}, "271590": {"appid": 271590, "name": "Grand Theft Auto V", "developer": "Rockstar North", "publisher": "Rockstar Games", "score_rank": "", "positive": 1622483, "negative": 240811, "userscore": 0, "owners": "50,000,000 .. 100,000,000", "average_forever": 12419, "average_2weeks": 1069, "median_forever": 5636, "median_2weeks": 161, "price": "1480", "initialprice": "1480", "discount": "0", "ccu": 138593, "tags": {"Open World": 32249, "Action": 23311, "Multiplayer": 21491, "Crime": 19222, "Automobile Sim": 18643, "Third Person": 18511, "First-Person": 18147, "Mature": 14970, "Shooter": 14784, "Adventure": 13514, "Singleplayer": 12343, "Third-Person Shooter": 11869, "Racing": 11467, "Co-op": 10155, "Sandbox": 9900, "Atmospheric": 9860, "Funny": 9293, "Great Soundtrack": 8647, "Comedy": 8519, "Moddable": 6897}}, "550": {"appid": 550, "name": "Left 4 Dead 2", "developer": "Valve", "publisher": "Valve", "score_rank": "", "positive": 862280, "negative": 22021, "userscore": 0, "owners": "50,000,000 .. 100,000,000", "average_forever": 2165, "average_2weeks": 290, "median_forever": 483, "median_2weeks": 98, "price": "999", "initialprice": "999", "discount": "0", "ccu": 23668, "tags": {"Zombies": 21089, "Co-op": 11307, "FPS": 9979, "Multiplayer": 9352, "Shooter": 7025, "Online Co-Op": 6736, "Action": 6633, "Survival": 5682, "Horror": 5431, "First-Person": 4531, "Gore": 4239, "Team-Based": 3575, "Moddable": 3054, "Survival Horror": 2980, "Post-apocalyptic": 2882, "Singleplayer": 2427, "Adventure": 2180, "Local Co-Op": 2128, "Replay Value": 2078, "Tactical": 1997}}, "1599340": {"appid": 1599340, "name": "Lost Ark", "developer": "Smilegate RPG", "publisher": "Amazon Games", "score_rank": "", "positive": 142960, "negative": 57510, "userscore": 0, "owners": "50,000,000 .. 100,000,000", "average_forever": 4364, "average_2weeks": 21, "median_forever": 801, "median_2weeks": 39, "price": "0", "initialprice": "0", "discount": "0", "ccu": 16723, "tags": {"MMORPG": 402, "Free to Play": 350, "Action RPG": 274, "Multiplayer": 263, "Hack and Slash": 256, "RPG": 241, "Character Customization": 228, "Massively Multiplayer": 212, "Sexual Content": 193, "Action": 193, "Adventure": 177, "Fantasy": 172, "PvE": 172, "PvP": 165, "Isometric": 148, "Class-Based": 118, "Online Co-Op": 117, "Singleplayer": 99, "Violent": 93, "Gore": 81}}, "553850": {"appid": 553850, "name": "HELLDIVERS 2", "developer": "Arrowhead Game Studios", "publisher": "PlayStation Publishing LLC", "score_rank": "", "positive": 641382, "negative": 259994, "userscore": 0, "owners": "50,000,000 .. 100,000,000", "average_forever": 3228, "average_2weeks": 226, "median_forever": 2266, "median_2weeks": 98, "price": "3999", "initialprice": "3999", "discount": "0", "ccu": 18779, "tags": {"Online Co-Op": 717, "Third-Person Shooter": 642, "PvE": 636, "Multiplayer": 633, "Action": 598, "Shooter": 553, "Co-op": 533, "Sci-fi": 503, "Capitalism": 497, "Space": 448, "Third Person": 409, "Extraction Shooter": 398, "Comedy": 362, "Gore": 324, "Violent": 317, "Great Soundtrack": 283, "Difficult": 264, "Psychological Horror": 235, "Singleplayer": 175, "Open World": 148}}, "304930": {"appid": 304930, "name": "Unturned", "developer": "Smartly Dressed Games", "publisher": "Smartly Dressed Games", "score_rank": "", "positive": 498957, "negative": 46519, "userscore": 0, "owners": "50,000,000 .. 100,000,000", "average_forever": 8157, "average_2weeks": 809, "median_forever": 338, "median_2weeks": 322, "price": "0", "initialprice": "0", "discount": "0", "ccu": 22741, "tags": {"Free to Play": 36840, "Survival": 16499, "Zombies": 15300, "Multiplayer": 15117, "Open World": 15045, "Co-op": 14926, "Sandbox": 14887, "Crafting": 14881, "Shooter": 14868, "Adventure": 14844, "Post-apocalyptic": 14843, "First-Person": 14829, "Looter Shooter": 14816, "Action": 14812, "Singleplayer": 14812, "FPS": 14810, "Massively Multiplayer": 14779, "Indie": 14754, "Atmospheric": 14752, "Casual": 14749}}, "252490": {"appid": 252490, "name": "Rust", "developer": "Facepunch Studios", "publisher": "Facepunch Studios", "score_rank": "", "positive": 959037, "negative": 142290, "userscore": 0, "owners": "20,000,000 .. 50,000,000", "average_forever": 21021, "average_2weeks": 1072, "median_forever": 2749, "median_2weeks": 243, "price": "3999", "initialprice": "3999", "discount": "0", "ccu": 71552, "tags": {"Survival": 18119, "Crafting": 11509, "Multiplayer": 11436, "Open World": 10892, "Open World Survival Craft": 8500, "Building": 8116, "PvP": 7402, "Sandbox": 7073, "Adventure": 5714, "First-Person": 5166, "Action": 4738, "Nudity": 4622, "FPS": 4606, "Shooter": 3736, "Co-op": 3688, "Online Co-Op": 3641, "Indie": 3033, "Early Access": 2876, "Post-apocalyptic": 2867, "Simulation": 2514}}, "230410": {"appid": 230410, "name": "Warframe", "developer": "Digital Extremes", "publisher": "Digital Extremes", "score_rank": "", "positive": 517185, "negative": 78575, "userscore": 0, "owners": "20,000,000 .. 50,000,000", "average_forever": 11179, "average_2weeks": 692, "median_forever": 436, "median_2weeks": 275, "price": "0", "initialprice": "0", "discount": "0", "ccu": 50869, "tags": {"Free to Play": 15538, "Action RPG": 14947, "Looter Shooter": 14904, "Third-Person Shooter": 14856, "Action": 14828, "RPG": 14797, "Third Person": 14747, "Character Customization": 7834, "Massively Multiplayer": 7831, "Online Co-Op": 7799, "Co-op": 7706, "Singleplayer": 7653, "PvE": 7642, "Sci-fi": 7632, "Space": 7597, "Shooter": 7585, "Lore-Rich": 7583, "Hack and Slash": 7564, "Parkour": 7559, "Ninja": 7555}}, "236390": {"appid": 236390, "name": "War Thunder", "developer": "Gaijin Entertainment", "publisher": "Gaijin Network Ltd", "score_rank": "", "positive": 417682, "negative": 249300, "userscore": 0, "owners": "20,000,000 .. 50,000,000", "average_forever": 8899, "average_2weeks": 763, "median_forever": 435, "median_2weeks": 252, "price": "0", "initialprice": "0", "discount": "0", "ccu": 73133, "tags": {"Free to Play": 5950, "Vehicular Combat": 4974, "Combat": 4657, "World War II": 3937, "VR": 3887, "Flight": 3863, "War": 3766, "Military": 3761, "Tanks": 3717, "Naval Combat": 3620, "Simulation": 3597, "Multiplayer": 3562, "Massively Multiplayer": 3561, "Modern": 3559, "Cold War": 3542, "Action": 3537, "Realistic": 3533, "Shooter": 3522, "Third Person": 3493, "Third-Person Shooter": 3490}}, "1245620": {"appid": 1245620, "name": "ELDEN RING", "developer": "FromSoftware, Inc.", "publisher": "FromSoftware, Inc., Bandai Namco Entertainment", "score_rank": "", "positive": 885155, "negative": 69407, "userscore": 0, "owners": "20,000,000 .. 50,000,000", "average_forever": 8217, "average_2weeks": 574, "median_forever": 5563, "median_2weeks": 120, "price": "5999", "initialprice": "5999", "discount": "0", "ccu": 53953, "tags": {"Souls-like": 6434, "Dark Fantasy": 4636, "Open World": 4624, "RPG": 4406, "Difficult": 4230, "Action RPG": 3372, "Third Person": 3225, "Multiplayer": 3140, "Fantasy": 3029, "Singleplayer": 2924, "Online Co-Op": 2848, "Action": 2685, "Co-op": 2297, "PvP": 2264, "Atmospheric": 2239, "Great Soundtrack": 2196, "Violent": 2156, "3D": 1959, "Character Customization": 1146, "Family Friendly": 1134}}, "105600": {"appid": 105600, "name": "Terraria", "developer": "Re-Logic", "publisher": "Re-Logic", "score_rank": "", "positive": 1294726, "negative": 32726, "userscore": 0, "owners": "20,000,000 .. 50,000,000", "average_forever": 7520, "average_2weeks": 333, "median_forever": 2102, "median_2weeks": 198, "price": "999", "initialprice": "999", "discount": "0", "ccu": 25585, "tags": {"Open World Survival Craft": 16114, "Sandbox": 15836, "Survival": 12567, "2D": 12373, "Multiplayer": 12310, "Adventure": 11415, "Pixel Graphics": 11051, "Crafting": 10450, "Building": 9963, "Exploration": 8790, "Co-op": 7720, "Open World": 7473, "Online Co-Op": 6033, "Indie": 5979, "Action": 5600, "RPG": 5226, "Singleplayer": 5097, "Replay Value": 4278, "Platformer": 3974, "Atmospheric": 3503}}, "291550": {"appid": 291550, "name": "Brawlhalla", "developer": "Blue Mammoth Games", "publisher": "Ubisoft", "score_rank": "", "positive": 304919, "negative": 66310, "userscore": 0, "owners": "20,000,000 .. 50,000,000", "average_forever": 4831, "average_2weeks": 285, "median_forever": 174, "median_2weeks": 98, "price": "0", "initialprice": "0", "discount": "0", "ccu": 13269, "tags": {"Free to Play": 4091, "Multiplayer": 2962, "Fighting": 2825, "2D Fighter": 2136, "2D Platformer": 2062, "Casual": 2044, "Local Multiplayer": 1963, "Co-op": 1951, "Platformer": 1939, "Controller": 1938, "Action": 1935, "Online Co-Op": 1915, "Fantasy": 1913, "Local Co-Op": 1904, "4 Player Local": 1884, "Family Friendly": 1884, "e-sports": 1879, "Cartoony": 1878, "Singleplayer": 1857, "Indie": 1836}}, "1086940": {"appid": 1086940, "name": "Baldur's Gate 3", "developer": "Larian Studios", "publisher": "Larian Studios", "score_rank": "", "positive": 626835, "negative": 20696, "userscore": 0, "owners": "20,000,000 .. 50,000,000", "average_forever": 6407, "average_2weeks": 534, "median_forever": 3910, "median_2weeks": 357, "price": "5999", "initialprice": "5999", "discount": "0", "ccu": 85109, "tags": {"RPG": 3590, "Character Customization": 2831, "Choices Matter": 2814, "Story Rich": 2765, "Turn-Based Combat": 2658, "Dungeons & Dragons": 2613, "CRPG": 2210, "Adventure": 2193, "Fantasy": 2136, "Online Co-Op": 2032, "Romance": 2008, "Multiplayer": 1949, "Strategy": 1776, "Sexual Content": 1772, "Singleplayer": 1737, "Co-op Campaign": 1676, "Class-Based": 1564, "Dark Fantasy": 1384, "Combat": 1301, "Nudity": 1277}}, "431960": {"appid": 431960, "name": "Wallpaper Engine", "developer": "Wallpaper Engine Team", "publisher": "Wallpaper Engine Team", "score_rank": "", "positive": 798625, "negative": 15902, "userscore": 0, "owners": "20,000,000 .. 50,000,000", "average_forever": 3468, "average_2weeks": 106, "median_forever": 976, "median_2weeks": 6, "price": "399", "initialprice": "399", "discount": "0", "ccu": 116923, "tags": {"Mature": 3558, "Utilities": 2425, "Software": 1932, "Anime": 1926, "Design & Illustration": 1455, "Animation & Modeling": 1179, "NSFW": 905, "First-Person": 847, "Indie": 774, "Memes": 721, "Cute": 681, "Action": 631, "Singleplayer": 583, "Funny": 559, "Early Access": 471, "Photo Editing": 410, "Sandbox": 367, "Horror": 286, "Game Development": 275, "Gaming": 248}}, "4000": {"appid": 4000, "name": "Garry's Mod", "developer": "Facepunch Studios", "publisher": "Valve", "score_rank": "", "positive": 1061107, "negative": 35756, "userscore": 0, "owners": "20,000,000 .. 50,000,000", "average_forever": 8115, "average_2weeks": 156, "median_forever": 1319, "median_2weeks": 129, "price": "999", "initialprice": "999", "discount": "0", "ccu": 20451, "tags": {"Sandbox": 18512, "Moddable": 14345, "Multiplayer": 14338, "Physics": 14316, "Building": 14297, "Casual": 13104, "Funny": 12853, "First-Person": 12809, "Singleplayer": 12803, "FPS": 12768, "Simulation": 12764, "Online Co-Op": 12764, "Co-op": 12758, "Shooter": 12753, "Comedy": 12741, "Action": 12739, "Indie": 12692, "PvP": 8939, "Realistic": 8924, "Exploration": 8900}}, "359550": {"appid": 359550, "name": "Tom Clancy's Rainbow Six Siege", "developer": "Ubisoft Montreal", "publisher": "Ubisoft", "score_rank": "", "positive": 1116203, "negative": 200856, "userscore": 0, "owners": "20,000,000 .. 50,000,000", "average_forever": 13663, "average_2weeks": 471, "median_forever": 2553, "median_2weeks": 125, "price": "1999", "initialprice": "1999", "discount": "0", "ccu": 60498, "tags": {"FPS": 9743, "PvP": 9111, "e-sports": 9042, "Multiplayer": 8990, "Tactical": 8987, "Shooter": 8986, "Competitive": 8928, "Online Co-Op": 8913, "Action": 8893, "Hero Shooter": 8855, "Team-Based": 5594, "Military": 4940, "Strategy": 4878, "First-Person": 4862, "War": 4849, "Co-op": 4848, "Realistic": 4842, "Destruction": 4837, "Difficult": 2080, "3D": 1879}}, "1085660": {"appid": 1085660, "name": "Destiny 2", "developer": "Bungie", "publisher": "Bungie", "score_rank": "", "positive": 490349, "negative": 120594, "userscore": 0, "owners": "20,000,000 .. 50,000,000", "average_forever": 12181, "average_2weeks": 738, "median_forever": 363, "median_2weeks": 271, "price": "0", "initialprice": "0", "discount": "0", "ccu": 28507, "tags": {"Free to Play": 3392, "Open World": 2978, "Multiplayer": 2904, "Looter Shooter": 2903, "FPS": 2894, "MMORPG": 2892, "Co-op": 2876, "PvE": 2768, "PvP": 2711, "Shooter": 2590, "Massively Multiplayer": 2480, "Loot": 2463, "First-Person": 2446, "Sci-fi": 2430, "Action": 2415, "Adventure": 2354, "Lore-Rich": 2335, "Space": 2326, "Competitive": 2195, "Atmospheric": 2182}}, "340": {"appid": 340, "name": "Half-Life 2: Lost Coast", "developer": "Valve", "publisher": "Valve", "score_rank": "", "positive": 12072, "negative": 1452, "userscore": 0, "owners": "20,000,000 .. 50,000,000", "average_forever": 399, "average_2weeks": 1, "median_forever": 28, "median_2weeks": 1, "price": "0", "initialprice": "0", "discount": "0", "ccu": 15, "tags": {"FPS": 1032, "Action": 365, "Singleplayer": 315, "First-Person": 256, "Sci-fi": 251, "Shooter": 227, "Short": 224, "Aliens": 124, "Dystopian ": 115, "Classic": 113, "Adventure": 109, "Atmospheric": 98, "Benchmark": 97, "Futuristic": 92, "Silent Protagonist": 88, "Free to Play": 64, "Post-apocalyptic": 44, "Multiplayer": 43, "Story Rich": 43, "Great Soundtrack": 38}}, "346110": {"appid": 346110, "name": "ARK: Survival Evolved", "developer": "Studio Wildcard, Instinct Games, Efecto Studios, Virtual Basement LLC", "publisher": "Studio Wildcard, Snail Games USA", "score_rank": "", "positive": 585245, "negative": 116231, "userscore": 0, "owners": "20,000,000 .. 50,000,000", "average_forever": 8196, "average_2weeks": 313, "median_forever": 957, "median_2weeks": 214, "price": "1499", "initialprice": "1499", "discount": "0", "ccu": 28964, "tags": {"Open World Survival Craft": 12796, "Survival": 12105, "Multiplayer": 9520, "Open World": 9425, "Dinosaurs": 9021, "Crafting": 7739, "Building": 7410, "Adventure": 6534, "Base-Building": 5908, "Co-op": 5444, "Action": 4854, "First-Person": 4441, "Sandbox": 4423, "Massively Multiplayer": 4238, "Singleplayer": 4009, "Early Access": 3465, "RPG": 3226, "Dragons": 3213, "Sci-fi": 2617, "Indie": 2122}}, "892970": {"appid": 892970, "name": "Valheim", "developer": "Iron Gate AB", "publisher": "Coffee Stain Publishing", "score_rank": "", "positive": 439098, "negative": 25903, "userscore": 0, "owners": "20,000,000 .. 50,000,000", "average_forever": 3961, "average_2weeks": 665, "median_forever": 1545, "median_2weeks": 146, "price": "1999", "initialprice": "1999", "discount": "0", "ccu": 19684, "tags": {"Open World Survival Craft": 2143, "Survival": 2027, "Online Co-Op": 1953, "Open World": 1893, "Multiplayer": 1841, "Building": 1701, "Crafting": 1576, "Exploration": 1449, "Base-Building": 1446, "Co-op": 1313, "Difficult": 1197, "Adventure": 1155, "Mythology": 1145, "Action": 1136, "PvE": 1132, "Early Access": 1131, "Sandbox": 1130, "Singleplayer": 1128, "Third Person": 1123, "Indie": 1121}}, "1091500": {"appid": 1091500, "name": "Cyberpunk 2077", "developer": "CD PROJEKT RED", "publisher": "CD PROJEKT RED", "score_rank": "", "positive": 632615, "negative": 132892, "userscore": 0, "owners": "20,000,000 .. 50,000,000", "average_forever": 4743, "average_2weeks": 237, "median_forever": 3334, "median_2weeks": 88, "price": "5999", "initialprice": "5999", "discount": "0", "ccu": 26950, "tags": {"Cyberpunk": 6221, "Open World": 5613, "Nudity": 4826, "RPG": 4690, "Singleplayer": 4620, "Sci-fi": 4395, "Futuristic": 4341, "FPS": 4324, "Mature": 4192, "Story Rich": 4181, "First-Person": 3980, "Atmospheric": 3803, "Exploration": 3638, "Action": 2944, "Violent": 2559, "Great Soundtrack": 2333, "Action RPG": 2252, "Adventure": 2124, "Character Customization": 1679, "Immersive Sim": 1055}}, "945360": {"appid": 945360, "name": "Among Us", "developer": "Innersloth", "publisher": "Innersloth", "score_rank": "", "positive": 632488, "negative": 56529, "userscore": 0, "owners": "20,000,000 .. 50,000,000", "average_forever": 1283, "average_2weeks": 70, "median_forever": 688, "median_2weeks": 69, "price": "499", "initialprice": "499", "discount": "0", "ccu": 5801, "tags": {"Multiplayer": 1862, "Online Co-Op": 1293, "Social Deduction": 1274, "Space": 1220, "Survival": 1009, "2D": 982, "Funny": 950, "Psychological": 846, "Co-op": 826, "Party Game": 813, "Cartoony": 741, "Local Multiplayer": 717, "Casual": 682, "Action": 662, "PvP": 656, "Sci-fi": 653, "Top-Down": 650, "Minigames": 650, "Aliens": 649, "Colorful": 647}}, "218620": {"appid": 218620, "name": "PAYDAY 2", "developer": "OVERKILL - a Starbreeze Studio.", "publisher": "Starbreeze Publishing AB", "score_rank": "", "positive": 588101, "negative": 68708, "userscore": 0, "owners": "20,000,000 .. 50,000,000", "average_forever": 10010, "average_2weeks": 5082, "median_forever": 602, "median_2weeks": 1526, "price": "999", "initialprice": "999", "discount": "0", "ccu": 17573, "tags": {"Co-op": 9809, "Action": 7564, "FPS": 7516, "Heist": 7057, "Multiplayer": 6289, "Looter Shooter": 6237, "Online Co-Op": 6155, "Stealth": 6134, "Crime": 5671, "Shooter": 4829, "Team-Based": 4330, "First-Person": 4289, "Great Soundtrack": 4123, "Gun Customization": 3705, "Tactical": 3392, "PvE": 2764, "Strategy": 2331, "Singleplayer": 2180, "Funny": 1639, "Simulation": 1582}}, "901583": {"appid": 901583, "name": "Grand Theft Auto IV: Complete Edition", "developer": "Rockstar North, Rockstar Toronto", "publisher": "Rockstar Games", "score_rank": "", "positive": 131295, "negative": 29133, "userscore": 0, "owners": "20,000,000 .. 50,000,000", "average_forever": 0, "average_2weeks": 0, "median_forever": 0, "median_2weeks": 0, "price": "0", "initialprice": "0", "discount": "0", "ccu": 0, "tags": {"Open World": 2564, "Action": 2036, "Automobile Sim": 1405, "Multiplayer": 1361, "Crime": 1343, "Third Person": 1234, "Adventure": 1168, "Singleplayer": 970, "Third-Person Shooter": 941, "Sandbox": 884, "Moddable": 879, "Shooter": 838, "Physics": 717, "Atmospheric": 562, "Classic": 548, "Funny": 526, "Dark Humor": 525, "Gore": 498, "Satire": 421, "Co-op": 411}}, "238960": {"appid": 238960, "name": "Path of Exile", "developer": "Grinding Gear Games", "publisher": "Grinding Gear Games", "score_rank": "", "positive": 201265, "negative": 24367, "userscore": 0, "owners": "20,000,000 .. 50,000,000", "average_forever": 10659, "average_2weeks": 947, "median_forever": 458, "median_2weeks": 371, "price": "0", "initialprice": "0", "discount": "0", "ccu": 42258, "tags": {"Free to Play": 17200, "Dark Fantasy": 3914, "Action RPG": 3781, "Hack and Slash": 3456, "Loot": 3098, "MMORPG": 3078, "Multiplayer": 3065, "Dungeon Crawler": 3045, "Isometric": 3028, "Character Customization": 3021, "Inventory Management": 3001, "RPG": 3001, "Singleplayer": 3000, "Online Co-Op": 2995, "Action": 2980, "PvP": 2970, "Horror": 2963, "Massively Multiplayer": 2199, "Fantasy": 1403, "Adventure": 1292}}, "242760": {"appid": 242760, "name": "The Forest", "developer": "Endnight Games Ltd", "publisher": "Endnight Games Ltd", "score_rank": "", "positive": 531344, "negative": 25015, "userscore": 0, "owners": "20,000,000 .. 50,000,000", "average_forever": 1390, "average_2weeks": 204, "median_forever": 842, "median_2weeks": 204, "price": "1999", "initialprice": "1999", "discount": "0", "ccu": 5125, "tags": {"Open World Survival Craft": 12264, "Survival": 11881, "Open World": 8616, "Horror": 8497, "Crafting": 6396, "Adventure": 5561, "Building": 5479, "Survival Horror": 5155, "First-Person": 4556, "Action": 3727, "Exploration": 3598, "Sandbox": 3303, "Singleplayer": 2817, "Atmospheric": 2744, "Simulation": 2564, "Gore": 2446, "Realistic": 2379, "Indie": 2253, "Zombies": 1678, "Early Access": 1607}}, "322330": {"appid": 322330, "name": "Don't Starve Together", "developer": "Klei Entertainment", "publisher": "Klei Entertainment", "score_rank": "", "positive": 445562, "negative": 20228, "userscore": 0, "owners": "20,000,000 .. 50,000,000", "average_forever": 2903, "average_2weeks": 414, "median_forever": 554, "median_2weeks": 111, "price": "1499", "initialprice": "1499", "discount": "0", "ccu": 36367, "tags": {"Survival": 41046, "Open World Survival Craft": 40772, "Multiplayer": 10396, "Co-op": 8016, "Open World": 5870, "Adventure": 5025, "Crafting": 4704, "Online Co-Op": 4294, "Sandbox": 3596, "Difficult": 2677, "Indie": 2373, "2D": 2262, "Atmospheric": 1827, "Funny": 1772, "Survival Horror": 1758, "Strategy": 1463, "Horror": 1311, "Singleplayer": 1267, "Action": 1108, "Rogue-like": 996}}, "1203220": {"appid": 1203220, "name": "NARAKA: BLADEPOINT", "developer": "24 Entertainment", "publisher": "NetEase Games Global", "score_rank": "", "positive": 203336, "negative": 87994, "userscore": 0, "owners": "20,000,000 .. 50,000,000", "average_forever": 6561, "average_2weeks": 584, "median_forever": 492, "median_2weeks": 286, "price": "0", "initialprice": "0", "discount": "0", "ccu": 290989, "tags": {"Battle Royale": 1025, "Multiplayer": 998, "Martial Arts": 911, "PvP": 882, "Action": 847, "Character Customization": 826, "Fighting": 823, "Massively Multiplayer": 822, "Female Protagonist": 821, "Survival": 813, "Third Person": 813, "Swordplay": 793, "Hack and Slash": 779, "Anime": 725, "Parkour": 716, "Adventure": 703, "Mature": 635, "Free to Play": 466, "Violent": 340, "Gore": 255}}, "899770": {"appid": 899770, "name": "Last Epoch", "developer": "Eleventh Hour Games", "publisher": "Eleventh Hour Games", "score_rank": "", "positive": 75465, "negative": 22564, "userscore": 0, "owners": "20,000,000 .. 50,000,000", "average_forever": 5014, "average_2weeks": 0, "median_forever": 3125, "median_2weeks": 0, "price": "3499", "initialprice": "3499", "discount": "0", "ccu": 2693, "tags": {"Action RPG": 332, "Loot": 277, "Hack and Slash": 263, "RPG": 239, "Multiplayer": 169, "Isometric": 165, "Action": 118, "Adventure": 111, "Co-op": 101, "Indie": 90, "Top-Down": 86, "Dungeon Crawler": 85, "Singleplayer": 72, "Fantasy": 62, "Gore": 56, "Character Customization": 52, "MMORPG": 46, "Early Access": 46, "Violent": 46, "Magic": 43}}, "381210": {"appid": 381210, "name": "Dead by Daylight", "developer": "Behaviour Interactive Inc.", "publisher": "Behaviour Interactive Inc.", "score_rank": "", "positive": 598385, "negative": 145930, "userscore": 0, "owners": "20,000,000 .. 50,000,000", "average_forever": 10543, "average_2weeks": 605, "median_forever": 1599, "median_2weeks": 275, "price": "1999", "initialprice": "1999", "discount": "0", "ccu": 44769, "tags": {"Horror": 40197, "Survival Horror": 9441, "Multiplayer": 9422, "Online Co-Op": 7234, "Co-op": 6830, "Survival": 6810, "Gore": 6764, "Team-Based": 6681, "Blood": 6645, "Stealth": 6637, "Third Person": 6625, "Violent": 6616, "First-Person": 6596, "Psychological Horror": 6560, "Action": 6524, "Atmospheric": 6473, "Strategy": 2162, "Comedy": 2109, "Mature": 1882, "Difficult": 1526}}, "1097150": {"appid": 1097150, "name": "Fall Guys: Ultimate Knockout", "developer": "Mediatonic", "publisher": "Ravenscourt", "score_rank": "", "positive": 387213, "negative": 89255, "userscore": 0, "owners": "20,000,000 .. 50,000,000", "average_forever": 1405, "average_2weeks": 124, "median_forever": 621, "median_2weeks": 99, "price": "0", "initialprice": "0", "discount": "0", "ccu": 1841, "tags": {"Multiplayer": 1600, "Party Game": 1534, "Battle Royale": 1529, "Family Friendly": 1529, "Massively Multiplayer": 1487, "Platformer": 1317, "Cute": 1310, "Funny": 1307, "PvP": 1286, "3D Platformer": 1263, "Controller": 960, "Casual": 950, "Colorful": 946, "Action": 931, "Online Co-Op": 917, "Co-op": 910, "Comedy": 904, "Physics": 894, "Indie": 420, "Difficult": 208}}, "292030": {"appid": 292030, "name": "The Witcher 3: Wild Hunt", "developer": "CD PROJEKT RED", "publisher": "CD PROJEKT RED", "score_rank": "", "positive": 763464, "negative": 31184, "userscore": 0, "owners": "10,000,000 .. 20,000,000", "average_forever": 3619, "average_2weeks": 938, "median_forever": 1116, "median_2weeks": 277, "price": "3999", "initialprice": "3999", "discount": "0", "ccu": 17465, "tags": {"Open World": 12469, "RPG": 10582, "Story Rich": 9785, "Atmospheric": 6764, "Mature": 6658, "Fantasy": 6440, "Adventure": 6319, "Singleplayer": 6116, "Nudity": 5864, "Choices Matter": 5658, "Great Soundtrack": 4655, "Third Person": 4612, "Medieval": 4464, "Action": 4322, "Multiple Endings": 3877, "Action RPG": 3816, "Magic": 3633, "Dark Fantasy": 3630, "Dark": 2168, "Sandbox": 1288}}, "291480": {"appid": 291480, "name": "Warface", "developer": "MY.GAMES", "publisher": "MY.GAMES", "score_rank": "", "positive": 54864, "negative": 27558, "userscore": 0, "owners": "10,000,000 .. 20,000,000", "average_forever": 839, "average_2weeks": 0, "median_forever": 85, "median_2weeks": 0, "price": "0", "initialprice": "0", "discount": "0", "ccu": 403, "tags": {"Free to Play": 3935, "FPS": 2036, "Realistic": 2006, "Multiplayer": 1899, "Shooter": 1733, "Action": 1697, "PvP": 1342, "Co-op": 1337, "Gun Customization": 1262, "Character Customization": 1239, "First-Person": 1157, "Online Co-Op": 1043, "Tactical": 1034, "Strategy": 999, "Massively Multiplayer": 982, "Military": 974, "Team-Based": 968, "Moddable": 955, "Class-Based": 954, "Adventure": 940}}, "49520": {"appid": 49520, "name": "Borderlands 2", "developer": "Gearbox Software, Aspyr (Mac), Aspyr (Linux)", "publisher": "2K, Aspyr (Mac), Aspyr (Linux)", "score_rank": "", "positive": 268438, "negative": 17421, "userscore": 0, "owners": "10,000,000 .. 20,000,000", "average_forever": 3210, "average_2weeks": 429, "median_forever": 970, "median_2weeks": 267, "price": "1999", "initialprice": "1999", "discount": "0", "ccu": 7128, "tags": {"Loot": 9712, "Shooter": 9213, "Action": 9109, "Multiplayer": 7554, "Co-op": 7423, "Looter Shooter": 7131, "FPS": 6868, "RPG": 5526, "First-Person": 5392, "Funny": 5063, "Comedy": 4836, "Open World": 3497, "Combat": 2966, "Online Co-Op": 2123, "Adventure": 2024, "Action RPG": 1781, "Dark Humor": 1699, "Singleplayer": 1380, "Memes": 1353, "Sci-fi": 1315}}, "444090": {"appid": 444090, "name": "Paladins", "developer": "Evil Mojo Games", "publisher": "Hi-Rez Studios", "score_rank": "", "positive": 293485, "negative": 51815, "userscore": 0, "owners": "10,000,000 .. 20,000,000", "average_forever": 6218, "average_2weeks": 1935, "median_forever": 551, "median_2weeks": 3842, "price": "0", "initialprice": "0", "discount": "0", "ccu": 3375, "tags": {"Hero Shooter": 50371, "Free to Play": 5333, "Multiplayer": 3332, "FPS": 3212, "Shooter": 2813, "Action": 2260, "Team-Based": 2225, "First-Person": 1810, "PvP": 1761, "MOBA": 1684, "Online Co-Op": 1558, "Fantasy": 1228, "Controller": 1179, "Strategy": 1116, "Co-op": 1092, "Character Customization": 1082, "Massively Multiplayer": 1078, "Adventure": 1067, "Colorful": 1067, "Funny": 1055}}, "552990": {"appid": 552990, "name": "World of Warships", "developer": "Wargaming Group Limited", "publisher": "Wargaming Group Limited", "score_rank": "", "positive": 110145, "negative": 31983, "userscore": 0, "owners": "10,000,000 .. 20,000,000", "average_forever": 1830, "average_2weeks": 230, "median_forever": 201, "median_2weeks": 344, "price": "0", "initialprice": "0", "discount": "0", "ccu": 9841, "tags": {"Naval Combat": 96427, "Free to Play": 74160, "Naval": 67751, "World War II": 61694, "Massively Multiplayer": 59126, "Multiplayer": 52963, "Action": 52015, "Tactical": 51023, "PvP": 50981, "Historical": 48946, "Military": 43807, "Online Co-Op": 39912, "Team-Based": 38473, "Realistic": 36538, "Shooter": 36441, "Simulation": 35934, "PvE": 35308, "War": 34354, "Third-Person Shooter": 34218, "Co-op": 25767}}, "438100": {"appid": 438100, "name": "VRChat", "developer": "VRChat Inc.", "publisher": "VRChat Inc.", "score_rank": "", "positive": 168120, "negative": 56181, "userscore": 0, "owners": "10,000,000 .. 20,000,000", "average_forever": 3483, "average_2weeks": 981, "median_forever": 137, "median_2weeks": 198, "price": "0", "initialprice": "0", "discount": "0", "ccu": 34116, "tags": {"VR": 1863, "Free to Play": 1792, "Multiplayer": 1280, "Anime": 1228, "Memes": 1226, "Funny": 1138, "Massively Multiplayer": 1047, "First-Person": 774, "Open World": 728, "Early Access": 712, "Simulation": 668, "Casual": 620, "Adventure": 495, "MMORPG": 278, "Comedy": 261, "Sandbox": 238, "Action": 151, "Dating Sim": 135, "Survival Horror": 113, "Atmospheric": 84}}, "990080": {"appid": 990080, "name": "Hogwarts Legacy", "developer": "Avalanche Software", "publisher": "Warner Bros. Games", "score_rank": "", "positive": 253251, "negative": 25864, "userscore": 0, "owners": "10,000,000 .. 20,000,000", "average_forever": 2346, "average_2weeks": 326, "median_forever": 1913, "median_2weeks": 185, "price": "1799", "initialprice": "5999", "discount": "70", "ccu": 23776, "tags": {"Magic": 4250, "Fantasy": 3585, "Open World": 3547, "Singleplayer": 3222, "Adventure": 3131, "RPG": 2905, "Character Customization": 2603, "Exploration": 2213, "Story Rich": 1943, "Third Person": 1853, "Action-Adventure": 1762, "Atmospheric": 1610, "Action RPG": 1580, "Action": 1396, "Combat": 1386, "Choices Matter": 1071, "Puzzle": 990, "Great Soundtrack": 885, "Dark": 850, "Family Friendly": 585}}, "10": {"appid": 10, "name": "Counter-Strike", "developer": "Valve", "publisher": "Valve", "score_rank": "", "positive": 234220, "negative": 6172, "userscore": 0, "owners": "10,000,000 .. 20,000,000", "average_forever": 15339, "average_2weeks": 2792, "median_forever": 209, "median_2weeks": 117, "price": "999", "initialprice": "999", "discount": "0", "ccu": 10444, "tags": {"Action": 5475, "FPS": 4902, "Multiplayer": 3450, "Shooter": 3402, "Classic": 2827, "Team-Based": 1901, "First-Person": 1742, "Competitive": 1636, "Tactical": 1373, "1990's": 1235, "e-sports": 1219, "PvP": 910, "Old School": 809, "Military": 652, "Strategy": 629, "Survival": 314, "Score Attack": 296, "1980s": 279, "Assassin": 238, "Nostalgia": 185}}, "272060": {"appid": 272060, "name": "Serena", "developer": "Senscape", "publisher": "Senscape", "score_rank": "", "positive": 4917, "negative": 1466, "userscore": 0, "owners": "10,000,000 .. 20,000,000", "average_forever": 71, "average_2weeks": 0, "median_forever": 3, "median_2weeks": 0, "price": "0", "initialprice": "0", "discount": "0", "ccu": 2, "tags": {"Horror": 5224, "Free to Play": 256, "Indie": 205, "Point & Click": 193, "Psychological Horror": 153, "Adventure": 132, "Story Rich": 132, "Dark": 125, "Short": 116, "First-Person": 100, "Mystery": 95, "Atmospheric": 93, "Multiplayer": 80, "Singleplayer": 71, "Puzzle": 30, "Walking Simulator": 22, "Co-op": 18, "Hidden Object": 16, "Exploration": 8, "Romance": 5}}, "413150": {"appid": 413150, "name": "Stardew Valley", "developer": "ConcernedApe", "publisher": "ConcernedApe", "score_rank": "", "positive": 739657, "negative": 12658, "userscore": 0, "owners": "10,000,000 .. 20,000,000", "average_forever": 4503, "average_2weeks": 396, "median_forever": 1870, "median_2weeks": 251, "price": "1499", "initialprice": "1499", "discount": "0", "ccu": 73592, "tags": {"Farming Sim": 7283, "Pixel Graphics": 6831, "Life Sim": 6792, "Multiplayer": 6676, "RPG": 6141, "Relaxing": 5785, "Agriculture": 5083, "Simulation": 5025, "Crafting": 4215, "Sandbox": 4091, "Indie": 3966, "Building": 3397, "Singleplayer": 3148, "Casual": 3132, "Open World": 3079, "2D": 2798, "Cute": 2605, "Dating Sim": 2529, "Great Soundtrack": 2435, "Fishing": 2121}}, "227300": {"appid": 227300, "name": "Euro Truck Simulator 2", "developer": "SCS Software", "publisher": "SCS Software", "score_rank": "", "positive": 773780, "negative": 20767, "userscore": 0, "owners": "10,000,000 .. 20,000,000", "average_forever": 8096, "average_2weeks": 260, "median_forever": 1812, "median_2weeks": 70, "price": "1999", "initialprice": "1999", "discount": "0", "ccu": 30600, "tags": {"Driving": 12673, "Transportation": 12499, "Simulation": 12456, "Open World": 12378, "Automobile Sim": 12280, "Realistic": 12279, "Moddable": 12149, "Relaxing": 12067, "Exploration": 11941, "Immersive Sim": 11930, "Economy": 11928, "Management": 11899, "Atmospheric": 11856, "Multiplayer": 4709, "Controller": 3931, "Family Friendly": 3843, "Third Person": 3837, "Adventure": 3791, "Casual": 3788, "Indie": 3761}}, "739630": {"appid": 739630, "name": "Phasmophobia", "developer": "Kinetic Games", "publisher": "Kinetic Games", "score_rank": "", "positive": 676179, "negative": 28726, "userscore": 0, "owners": "10,000,000 .. 20,000,000", "average_forever": 2352, "average_2weeks": 291, "median_forever": 995, "median_2weeks": 139, "price": "1399", "initialprice": "1399", "discount": "0", "ccu": 16130, "tags": {"Horror": 3968, "Online Co-Op": 2620, "Multiplayer": 2395, "Psychological Horror": 1899, "Co-op": 1654, "VR": 1419, "Supernatural": 1394, "First-Person": 1306, "Investigation": 1210, "Dark": 936, "Demons": 867, "Detective": 853, "Mystery": 820, "3D": 598, "Thriller": 593, "Early Access": 585, "Indie": 520, "Action": 450, "Tactical": 440, "Singleplayer": 289}}, "620": {"appid": 620, "name": "Portal 2", "developer": "Valve", "publisher": "Valve", "score_rank": "", "positive": 399636, "negative": 5281, "userscore": 0, "owners": "10,000,000 .. 20,000,000", "average_forever": 963, "average_2weeks": 147, "median_forever": 506, "median_2weeks": 213, "price": "199", "initialprice": "199", "discount": "0", "ccu": 1582, "tags": {"Platformer": 7404, "Puzzle": 7264, "First-Person": 7012, "Dark Humor": 7011, "Story Rich": 6973, "Puzzle-Platformer": 6913, "Funny": 6828, "Female Protagonist": 6786, "3D Platformer": 6732, "Action-Adventure": 6585, "Action": 6548, "FPS": 6534, "Co-op": 5955, "Physics": 5044, "Sci-fi": 4891, "Level Editor": 4867, "Science": 4787, "Comedy": 4767, "Atmospheric": 4758, "Adventure": 4696}}, "227940": {"appid": 227940, "name": "Heroes & Generals", "developer": "TLM Partners", "publisher": "TLM Partners", "score_rank": "", "positive": 96709, "negative": 46693, "userscore": 0, "owners": "10,000,000 .. 20,000,000", "average_forever": 4577, "average_2weeks": 0, "median_forever": 77, "median_2weeks": 0, "price": "0", "initialprice": "0", "discount": "0", "ccu": 4, "tags": {"Free to Play": 6215, "World War II": 3445, "FPS": 3349, "Multiplayer": 3344, "War": 2911, "Shooter": 2690, "Action": 2411, "First-Person": 1833, "Massively Multiplayer": 1686, "Strategy": 1236, "Tactical": 1204, "Co-op": 1170, "Historical": 1099, "Open World": 1015, "Simulation": 729, "Atmospheric": 642, "Adventure": 591, "Indie": 528, "Early Access": 454, "RTS": 363}}, "252950": {"appid": 252950, "name": "Rocket League", "developer": "Psyonix LLC", "publisher": "Psyonix LLC", "score_rank": "", "positive": 508523, "negative": 71421, "userscore": 0, "owners": "10,000,000 .. 20,000,000", "average_forever": 18750, "average_2weeks": 364, "median_forever": 3129, "median_2weeks": 135, "price": "0", "initialprice": "0", "discount": "0", "ccu": 22796, "tags": {"Multiplayer": 6590, "Football (Soccer)": 5229, "Competitive": 4561, "Sports": 4002, "Racing": 3883, "Team-Based": 3416, "Online Co-Op": 2865, "Football (American)": 2414, "Fast-Paced": 2205, "Co-op": 2142, "Action": 1938, "Funny": 1898, "Great Soundtrack": 1670, "Local Multiplayer": 1618, "Split Screen": 1489, "Local Co-Op": 1351, "Singleplayer": 1234, "4 Player Local": 1214, "Casual": 1205, "Indie": 879}}, "1966720": {"appid": 1966720, "name": "Lethal Company", "developer": "Zeekerss", "publisher": "Zeekerss", "score_rank": "", "positive": 417308, "negative": 11427, "userscore": 0, "owners": "10,000,000 .. 20,000,000", "average_forever": 1246, "average_2weeks": 195, "median_forever": 608, "median_2weeks": 124, "price": "999", "initialprice": "999", "discount": "0", "ccu": 22697, "tags": {"Online Co-Op": 1664, "Horror": 1581, "First-Person": 1247, "Co-op": 1155, "Survival Horror": 1118, "Exploration": 1057, "Psychological Horror": 1032, "Funny": 930, "Sci-fi": 843, "PvE": 781, "Atmospheric": 769, "Procedural Generation": 739, "Aliens": 715, "Time Management": 666, "Adventure": 609, "Dungeon Crawler": 575, "Action": 563, "Early Access": 524, "Action-Adventure": 498, "Perma Death": 473}}, "1240440": {"appid": 1240440, "name": "Halo Infinite", "developer": "343 Industries", "publisher": "Xbox Game Studios", "score_rank": "", "positive": 121491, "negative": 51741, "userscore": 0, "owners": "10,000,000 .. 20,000,000", "average_forever": 1489, "average_2weeks": 25, "median_forever": 134, "median_2weeks": 27, "price": "0", "initialprice": "0", "discount": "0", "ccu": 3311, "tags": {"Free to Play": 863, "FPS": 750, "Multiplayer": 721, "Singleplayer": 685, "Shooter": 633, "Action": 614, "First-Person": 606, "Open World": 576, "Sci-fi": 573, "Co-op": 499, "PvP": 494, "Competitive": 485, "Story Rich": 472, "Space": 456, "Adventure": 446, "Aliens": 425, "Lore-Rich": 409, "Atmospheric": 400, "Cinematic": 399, "Soundtrack": 384}}, "1517290": {"appid": 1517290, "name": "Battlefield 2042", "developer": "DICE", "publisher": "Electronic Arts", "score_rank": "", "positive": 122537, "negative": 151515, "userscore": 0, "owners": "10,000,000 .. 20,000,000", "average_forever": 2385, "average_2weeks": 230, "median_forever": 1176, "median_2weeks": 62, "price": "5999", "initialprice": "5999", "discount": "0", "ccu": 9599, "tags": {"FPS": 778, "Shooter": 734, "Military": 718, "Multiplayer": 699, "War": 656, "Action": 615, "First-Person": 555, "Singleplayer": 545, "Combat": 537, "Team-Based": 529, "PvP": 486, "Futuristic": 453, "Vehicular Combat": 417, "Modern": 407, "Destruction": 360, "Physics": 318, "Cinematic": 299, "Adventure": 277, "Hero Shooter": 264, "Casual": 221}}, "70": {"appid": 70, "name": "Half-Life", "developer": "Valve", "publisher": "Valve", "score_rank": "", "positive": 127869, "negative": 4592, "userscore": 0, "owners": "10,000,000 .. 20,000,000", "average_forever": 685, "average_2weeks": 297, "median_forever": 118, "median_2weeks": 207, "price": "999", "initialprice": "999", "discount": "0", "ccu": 798, "tags": {"FPS": 2443, "Classic": 1940, "1990's": 1929, "Singleplayer": 1922, "Sci-fi": 1920, "Multiplayer": 1916, "Shooter": 1896, "First-Person": 1890, "Action": 1889, "Aliens": 1878, "Story Rich": 1868, "Silent Protagonist": 1866, "Atmospheric": 1852, "Moddable": 1820, "Gore": 1819, "Adventure": 1818, "Retro": 1814, "Action-Adventure": 1806, "Difficult": 1779, "PvP": 1758}}, "320": {"appid": 320, "name": "Half-Life 2: Deathmatch", "developer": "Valve", "publisher": "Valve", "score_rank": "", "positive": 11873, "negative": 1204, "userscore": 0, "owners": "10,000,000 .. 20,000,000", "average_forever": 238, "average_2weeks": 0, "median_forever": 61, "median_2weeks": 0, "price": "499", "initialprice": "499", "discount": "0", "ccu": 125, "tags": {"Action": 878, "FPS": 492, "Multiplayer": 421, "Shooter": 270, "First-Person": 253, "Sci-fi": 191, "Physics": 189, "Competitive": 151, "Funny": 112, "Co-op": 100, "Old School": 96, "PvP": 77, "Arena Shooter": 62, "Moddable": 48, "Atmospheric": 46, "Adventure": 34, "Great Soundtrack": 27, "Singleplayer": 24, "Online Co-Op": 16, "Mod": 16}}, "582010": {"appid": 582010, "name": "Monster Hunter: World", "developer": "CAPCOM Co., Ltd.", "publisher": "CAPCOM Co., Ltd.", "score_rank": "", "positive": 400074, "negative": 56860, "userscore": 0, "owners": "10,000,000 .. 20,000,000", "average_forever": 8648, "average_2weeks": 445, "median_forever": 3205, "median_2weeks": 285, "price": "2999", "initialprice": "2999", "discount": "0", "ccu": 56918, "tags": {"Co-op": 2857, "Multiplayer": 2674, "Action": 2438, "Open World": 1948, "RPG": 1817, "Character Customization": 1475, "Third Person": 1471, "Adventure": 1288, "Fantasy": 1230, "Difficult": 1105, "Action RPG": 1090, "Singleplayer": 1073, "Exploration": 927, "Great Soundtrack": 822, "Replay Value": 806, "Atmospheric": 644, "Hack and Slash": 591, "JRPG": 558, "MMORPG": 343, "Souls-like": 334}}, "240": {"appid": 240, "name": "Counter-Strike: Source", "developer": "Valve", "publisher": "Valve", "score_rank": "", "positive": 167748, "negative": 6457, "userscore": 0, "owners": "10,000,000 .. 20,000,000", "average_forever": 7071, "average_2weeks": 30, "median_forever": 447, "median_2weeks": 30, "price": "999", "initialprice": "999", "discount": "0", "ccu": 8515, "tags": {"Shooter": 5316, "FPS": 3193, "Action": 3175, "Multiplayer": 2547, "Team-Based": 1708, "First-Person": 1510, "Competitive": 1365, "Tactical": 1354, "PvP": 1040, "e-sports": 981, "Military": 778, "War": 656, "Strategy": 530, "Moddable": 513, "Singleplayer": 415, "Difficult": 397, "Atmospheric": 308, "Survival": 285, "Simulation": 248, "Sandbox": 211}}, "1468810": {"appid": 1468810, "name": "\u9b3c\u8c37\u516b\u8352 Tale of Immortal", "developer": "\u9b3c\u8c37\u5de5\u4f5c\u5ba4", "publisher": "\u9b3c\u8c37\u5de5\u4f5c\u5ba4, Lightning Games", "score_rank": "", "positive": 117728, "negative": 105669, "userscore": 0, "owners": "10,000,000 .. 20,000,000", "average_forever": 3931, "average_2weeks": 60, "median_forever": 2279, "median_2weeks": 60, "price": "1999", "initialprice": "1999", "discount": "0", "ccu": 5500, "tags": {"Management": 2644, "Singleplayer": 2615, "Simulation": 2527, "Mythology": 2486, "Tactical RPG": 2483, "Sandbox": 2475, "RPG": 2455, "Action": 2449, "Choose Your Own Adventure": 2444, "Dating Sim": 2441, "Adventure": 2435, "Exploration": 2432, "Hack and Slash": 2429, "2D": 2428, "Story Rich": 2420, "Action RPG": 2418, "Procedural Generation": 2416, "Action-Adventure": 2395, "Hand-drawn": 2390, "Strategy RPG": 2384}}, "444200": {"appid": 444200, "name": "World of Tanks Blitz", "developer": "Wargaming Group Limited", "publisher": "Wargaming Group Limited", "score_rank": "", "positive": 113010, "negative": 29246, "userscore": 0, "owners": "10,000,000 .. 20,000,000", "average_forever": 13238, "average_2weeks": 530, "median_forever": 264, "median_2weeks": 604, "price": "0", "initialprice": "0", "discount": "0", "ccu": 10784, "tags": {"Tanks": 2875, "Free to Play": 1920, "Shooter": 1897, "Action": 1883, "FPS": 1879, "Strategy": 1013, "Massively Multiplayer": 1006, "Real Time Tactics": 1003, "PvP": 1001, "World War II": 999, "Multiplayer": 996, "Team-Based": 991, "Online Co-Op": 990, "War": 987, "Competitive": 981, "Realistic": 980, "Singleplayer": 978, "3D Platformer": 978, "Military": 975, "Vehicular Combat": 495}}, "386360": {"appid": 386360, "name": "SMITE", "developer": "Titan Forge Games", "publisher": "Hi-Rez Studios", "score_rank": "", "positive": 93597, "negative": 24936, "userscore": 0, "owners": "10,000,000 .. 20,000,000", "average_forever": 11068, "average_2weeks": 127, "median_forever": 208, "median_2weeks": 106, "price": "0", "initialprice": "0", "discount": "0", "ccu": 7562, "tags": {"Free to Play": 2643, "MOBA": 1566, "Multiplayer": 1275, "Action": 1045, "Third Person": 1036, "Strategy": 942, "Mythology": 940, "MMORPG": 928, "Team-Based": 748, "Nostalgia": 731, "Competitive": 703, "Anime": 684, "PvP": 666, "Co-op": 652, "e-sports": 580, "Massively Multiplayer": 575, "RPG": 569, "Casual": 567, "Adventure": 566, "Strategy RPG": 564}}, "648800": {"appid": 648800, "name": "Raft", "developer": "Redbeet Interactive", "publisher": "Axolot Games", "score_rank": "", "positive": 301526, "negative": 21058, "userscore": 0, "owners": "10,000,000 .. 20,000,000", "average_forever": 1518, "average_2weeks": 79, "median_forever": 834, "median_2weeks": 79, "price": "1999", "initialprice": "1999", "discount": "0", "ccu": 8130, "tags": {"Survival": 4288, "Multiplayer": 3778, "Open World Survival Craft": 3719, "Co-op": 3136, "Crafting": 2433, "Open World": 2148, "Building": 2042, "Base-Building": 1823, "Online Co-Op": 1716, "Adventure": 1500, "Sandbox": 1348, "First-Person": 899, "Singleplayer": 781, "Underwater": 684, "Early Access": 655, "Simulation": 624, "Action": 552, "Indie": 504, "Strategy": 449, "Massively Multiplayer": 327}}, "108600": {"appid": 108600, "name": "Project Zomboid", "developer": "The Indie Stone", "publisher": "The Indie Stone", "score_rank": "", "positive": 298617, "negative": 18484, "userscore": 0, "owners": "10,000,000 .. 20,000,000", "average_forever": 3983, "average_2weeks": 808, "median_forever": 896, "median_2weeks": 123, "price": "1999", "initialprice": "1999", "discount": "0", "ccu": 25139, "tags": {"Survival": 4098, "Zombies": 3377, "Open World": 2812, "Open World Survival Craft": 2525, "Multiplayer": 2520, "Sandbox": 2140, "Post-apocalyptic": 1789, "Co-op": 1677, "Crafting": 1445, "Indie": 1325, "Building": 1317, "Simulation": 1282, "RPG": 1272, "Survival Horror": 1172, "Realistic": 1036, "Isometric": 959, "Singleplayer": 903, "2D": 802, "Adventure": 742, "Early Access": 708}}, "550650": {"appid": 550650, "name": "Black Squad", "developer": "VALOFE, NS STUDIO", "publisher": "VALOFE", "score_rank": "", "positive": 62030, "negative": 19534, "userscore": 0, "owners": "10,000,000 .. 20,000,000", "average_forever": 5222, "average_2weeks": 46, "median_forever": 64, "median_2weeks": 46, "price": "0", "initialprice": "0", "discount": "0", "ccu": 420, "tags": {"Free to Play": 2741, "FPS": 1971, "Shooter": 1770, "Multiplayer": 1754, "Action": 1224, "Early Access": 953, "First-Person": 860, "Military": 827, "PvP": 722, "Singleplayer": 713, "Co-op": 673, "War": 586, "Tactical": 560, "Massively Multiplayer": 553, "Team-Based": 525, "Violent": 417, "Open World": 358, "Strategy": 357, "Gore": 323, "Adventure": 262}}, "1174180": {"appid": 1174180, "name": "Red Dead Redemption 2", "developer": "Rockstar Games", "publisher": "Rockstar Games", "score_rank": "", "positive": 561059, "negative": 51201, "userscore": 0, "owners": "10,000,000 .. 20,000,000", "average_forever": 4039, "average_2weeks": 298, "median_forever": 2291, "median_2weeks": 146, "price": "2399", "initialprice": "5999", "discount": "60", "ccu": 32349, "tags": {"Open World": 3282, "Story Rich": 2628, "Western": 2393, "Adventure": 2316, "Multiplayer": 2157, "Action": 2097, "Realistic": 1927, "Singleplayer": 1692, "Shooter": 1595, "Atmospheric": 1423, "Horses": 1407, "Beautiful": 1377, "Mature": 1345, "Third-Person Shooter": 1271, "Great Soundtrack": 1203, "Third Person": 1090, "Gore": 963, "Sandbox": 894, "First-Person": 784, "FPS": 708}}, "301520": {"appid": 301520, "name": "Robocraft", "developer": "Freejam", "publisher": "Freejam", "score_rank": "", "positive": 86480, "negative": 32014, "userscore": 0, "owners": "10,000,000 .. 20,000,000", "average_forever": 6093, "average_2weeks": 0, "median_forever": 254, "median_2weeks": 0, "price": "0", "initialprice": "0", "discount": "0", "ccu": 109, "tags": {"Free to Play": 3984, "Robots": 2520, "Building": 2422, "Multiplayer": 2337, "Action": 1686, "Shooter": 1589, "PvP": 1473, "Massively Multiplayer": 1316, "Sandbox": 1291, "Crafting": 1240, "Third-Person Shooter": 1008, "Sci-fi": 892, "Strategy": 826, "Simulation": 756, "Early Access": 628, "Indie": 611, "Open World": 567, "Funny": 515, "Adventure": 450, "RPG": 427}}, "400": {"appid": 400, "name": "Portal", "developer": "Valve", "publisher": "Valve", "score_rank": "", "positive": 161353, "negative": 2507, "userscore": 0, "owners": "10,000,000 .. 20,000,000", "average_forever": 277, "average_2weeks": 62, "median_forever": 152, "median_2weeks": 99, "price": "999", "initialprice": "999", "discount": "0", "ccu": 437, "tags": {"Puzzle": 4209, "Puzzle-Platformer": 3175, "First-Person": 2538, "3D Platformer": 2476, "Singleplayer": 2184, "Sci-fi": 2009, "Comedy": 1633, "Female Protagonist": 1565, "Physics": 1127, "Funny": 1096, "Action": 1068, "Classic": 905, "Story Rich": 897, "Platformer": 851, "Science": 825, "Atmospheric": 719, "Dark Humor": 701, "FPS": 680, "Short": 673, "Adventure": 658}}, "239140": {"appid": 239140, "name": "Dying Light", "developer": "Techland", "publisher": "Techland", "score_rank": "", "positive": 406753, "negative": 20616, "userscore": 0, "owners": "10,000,000 .. 20,000,000", "average_forever": 2137, "average_2weeks": 277, "median_forever": 1103, "median_2weeks": 134, "price": "1999", "initialprice": "1999", "discount": "0", "ccu": 13512, "tags": {"Zombies": 5936, "Survival Horror": 5682, "Horror": 5525, "Online Co-Op": 4921, "Open World": 4717, "Parkour": 4647, "First-Person": 4350, "Survival": 4266, "Open World Survival Craft": 4232, "Gore": 4209, "FPS": 4199, "Action": 4182, "PvE": 4054, "Stealth": 4008, "PvP": 4001, "Post-apocalyptic": 3870, "Story Rich": 3842, "Multiplayer": 3750, "Hack and Slash": 3604, "Action RPG": 3602}}, "477160": {"appid": 477160, "name": "Human Fall Flat", "developer": "No Brakes Games", "publisher": "Curve Games", "score_rank": "", "positive": 192421, "negative": 10731, "userscore": 0, "owners": "10,000,000 .. 20,000,000", "average_forever": 642, "average_2weeks": 18, "median_forever": 404, "median_2weeks": 27, "price": "1999", "initialprice": "1999", "discount": "0", "ccu": 2342, "tags": {"Co-op": 2071, "Funny": 1966, "Puzzle": 1927, "Adventure": 1903, "Physics": 1882, "Sandbox": 1837, "Puzzle-Platformer": 1833, "Action": 1829, "Open World": 1820, "Multiplayer": 1783, "Local Co-Op": 716, "Indie": 660, "Comedy": 601, "Local Multiplayer": 599, "Parkour": 577, "Casual": 415, "Split Screen": 358, "3D Platformer": 354, "Singleplayer": 349, "Simulation": 268}}, "755790": {"appid": 755790, "name": "Ring of Elysium", "developer": "Aurora Studio", "publisher": "TCH Scarlet Limited", "score_rank": "", "positive": 74672, "negative": 25722, "userscore": 0, "owners": "10,000,000 .. 20,000,000", "average_forever": 609, "average_2weeks": 0, "median_forever": 110, "median_2weeks": 0, "price": "0", "initialprice": "0", "discount": "0", "ccu": 5, "tags": {"Free to Play": 1689, "Battle Royale": 1378, "Shooter": 1071, "Multiplayer": 1047, "Survival": 857, "FPS": 722, "Action": 689, "Massively Multiplayer": 665, "Third-Person Shooter": 630, "Early Access": 584, "Singleplayer": 518, "PvP": 505, "Open World": 504, "Co-op": 502, "3D": 493, "Tactical": 492, "Violent": 486, "Gore": 479, "MOBA": 470, "First-Person": 377}}, "367520": {"appid": 367520, "name": "Hollow Knight", "developer": "Team Cherry", "publisher": "Team Cherry", "score_rank": "", "positive": 357250, "negative": 10624, "userscore": 0, "owners": "10,000,000 .. 20,000,000", "average_forever": 1860, "average_2weeks": 62, "median_forever": 662, "median_2weeks": 84, "price": "1499", "initialprice": "1499", "discount": "0", "ccu": 5845, "tags": {"Metroidvania": 5211, "Souls-like": 4073, "Platformer": 3951, "Great Soundtrack": 3845, "2D": 3698, "Difficult": 3698, "Indie": 3421, "Singleplayer": 2962, "Atmospheric": 2933, "Exploration": 2900, "Adventure": 2661, "Story Rich": 2585, "Hand-drawn": 1966, "Action": 1900, "Multiple Endings": 1894, "Dark Fantasy": 1773, "Open World": 1642, "Cute": 1540, "Controller": 1225, "Side Scroller": 1161}}, "417910": {"appid": 417910, "name": "Street Warriors Online", "developer": "Crazy Rocks Studios", "publisher": "Crazy Rocks Studios", "score_rank": "", "positive": 953, "negative": 691, "userscore": 0, "owners": "10,000,000 .. 20,000,000", "average_forever": 70, "average_2weeks": 0, "median_forever": 34, "median_2weeks": 0, "price": "199", "initialprice": "199", "discount": "0", "ccu": 0, "tags": {"Fighting": 1135, "Action": 77, "Multiplayer": 73, "Sports": 70, "Violent": 60, "Massively Multiplayer": 58, "Simulation": 43, "Open World": 33, "Free to Play": 28, "PvP": 28, "Early Access": 14, "Co-op": 11, "Indie": 8, "Funny": 7, "Character Customization": 7}}, "433850": {"appid": 433850, "name": "Z1 Battle Royale", "developer": "Daybreak Game Company", "publisher": "Daybreak Game Company", "score_rank": "", "positive": 114147, "negative": 90909, "userscore": 0, "owners": "10,000,000 .. 20,000,000", "average_forever": 3109, "average_2weeks": 0, "median_forever": 144, "median_2weeks": 0, "price": "0", "initialprice": "0", "discount": "0", "ccu": 534, "tags": {"Survival": 2849, "Massively Multiplayer": 1667, "Multiplayer": 1636, "Open World": 1529, "Battle Royale": 1456, "PvP": 1242, "FPS": 1171, "Action": 1083, "Shooter": 1076, "Free to Play": 960, "Third-Person Shooter": 841, "Zombies": 762, "Co-op": 638, "Early Access": 621, "Online Co-Op": 615, "Adventure": 570, "First-Person": 503, "Violent": 469, "Gore": 354, "Walking Simulator": 343}}, "814380": {"appid": 814380, "name": "Sekiro: Shadows Die Twice - GOTY Edition", "developer": "FromSoftware, Inc.", "publisher": "Activision (Excluding Japan and Asia), FromSoftware, Inc. (Japan), \u65b9\u5757\u6e38\u620f (Asia)", "score_rank": "", "positive": 282697, "negative": 13794, "userscore": 0, "owners": "10,000,000 .. 20,000,000", "average_forever": 2790, "average_2weeks": 150, "median_forever": 1841, "median_2weeks": 50, "price": "5999", "initialprice": "5999", "discount": "0", "ccu": 11254, "tags": {"Souls-like": 2421, "Difficult": 2079, "Action": 2028, "Singleplayer": 1691, "Ninja": 1547, "Stealth": 1243, "Adventure": 1152, "Third Person": 1126, "Open World": 1006, "Story Rich": 920, "Violent": 819, "Atmospheric": 800, "Assassin": 762, "Dark Fantasy": 691, "Hack and Slash": 676, "RPG": 648, "Gore": 621, "Great Soundtrack": 612, "Rhythm": 485, "Dark": 449}}, "251570": {"appid": 251570, "name": "7 Days to Die", "developer": "The Fun Pimps", "publisher": "The Fun Pimps Entertainment LLC", "score_rank": "", "positive": 297048, "negative": 39790, "userscore": 0, "owners": "10,000,000 .. 20,000,000", "average_forever": 5835, "average_2weeks": 659, "median_forever": 1070, "median_2weeks": 290, "price": "4499", "initialprice": "4499", "discount": "0", "ccu": 49620, "tags": {"Survival": 6714, "Zombies": 5107, "Multiplayer": 4758, "Open World": 4717, "Open World Survival Craft": 4646, "Base-Building": 4276, "Voxel": 4250, "Post-apocalyptic": 4193, "Online Co-Op": 4108, "Building": 3981, "Exploration": 3971, "Sandbox": 3917, "FPS": 3770, "Simulation": 3767, "Character Customization": 3675, "Strategy": 3662, "Tower Defense": 3655, "Action": 3654, "Procedural Generation": 3636, "Horror": 3616}}, "1222670": {"appid": 1222670, "name": "The Sims 4", "developer": "Maxis", "publisher": "Electronic Arts", "score_rank": "", "positive": 129729, "negative": 18606, "userscore": 0, "owners": "10,000,000 .. 20,000,000", "average_forever": 990, "average_2weeks": 751, "median_forever": 235, "median_2weeks": 67, "price": "0", "initialprice": "0", "discount": "0", "ccu": 31359, "tags": {"Life Sim": 1800, "Character Customization": 1778, "Building": 1756, "Multiplayer": 1744, "Free to Play": 1741, "Romance": 1720, "Sandbox": 1714, "Simulation": 1704, "Singleplayer": 1699, "Relaxing": 1679, "Dating Sim": 1675, "Casual": 1667, "Realistic": 1659, "Funny": 1652, "Cute": 1651, "Family Friendly": 1648, "Immersive Sim": 1648, "Fantasy": 1644, "Adventure": 1639, "Cartoony": 1627}}, "261550": {"appid": 261550, "name": "Mount & Blade II: Bannerlord", "developer": "TaleWorlds Entertainment", "publisher": "TaleWorlds Entertainment", "score_rank": "", "positive": 219314, "negative": 30161, "userscore": 0, "owners": "10,000,000 .. 20,000,000", "average_forever": 8682, "average_2weeks": 521, "median_forever": 3327, "median_2weeks": 429, "price": "4999", "initialprice": "4999", "discount": "0", "ccu": 20762, "tags": {"Medieval": 2390, "Strategy": 2115, "Open World": 2038, "RPG": 1881, "War": 1846, "Sandbox": 1581, "Multiplayer": 1549, "Singleplayer": 1254, "Action": 1168, "Character Customization": 1090, "Simulation": 1053, "Moddable": 993, "Adventure": 955, "Horses": 873, "Realistic": 822, "Third Person": 797, "Historical": 769, "First-Person": 768, "Great Soundtrack": 510, "Early Access": 399}}, "304050": {"appid": 304050, "name": "Trove", "developer": "gamigo US Inc.", "publisher": "gamigo US Inc.", "score_rank": "", "positive": 73956, "negative": 18092, "userscore": 0, "owners": "10,000,000 .. 20,000,000", "average_forever": 6819, "average_2weeks": 1580, "median_forever": 233, "median_2weeks": 1580, "price": "0", "initialprice": "0", "discount": "0", "ccu": 950, "tags": {"Free to Play": 3944, "Sandbox": 2790, "Open World": 2786, "Pixel Graphics": 2781, "Fantasy": 2450, "MMORPG": 2404, "Voxel": 2397, "Family Friendly": 2396, "Replay Value": 2394, "Procedural Generation": 2392, "Building": 2392, "Crafting": 2390, "Multiplayer": 2377, "RPG": 2374, "Adventure": 2079, "Dungeon Crawler": 1856, "Nostalgia": 1847, "Massively Multiplayer": 1846, "Action": 1346, "Colorful": 1147}}, "532210": {"appid": 532210, "name": "Life is Strange 2", "developer": "DONTNOD Entertainment, Feral Interactive (Mac), Feral Interactive (Linux)", "publisher": "Square Enix, Feral Interactive (Mac), Feral Interactive (Linux)", "score_rank": "", "positive": 28849, "negative": 4800, "userscore": 0, "owners": "10,000,000 .. 20,000,000", "average_forever": 409, "average_2weeks": 0, "median_forever": 194, "median_2weeks": 0, "price": "3196", "initialprice": "3196", "discount": "0", "ccu": 266, "tags": {"Choices Matter": 701, "Story Rich": 652, "Adventure": 528, "Singleplayer": 378, "Great Soundtrack": 355, "Atmospheric": 297, "Episodic": 254, "Drama": 242, "Sexual Content": 197, "Choose Your Own Adventure": 187, "LGBTQ+": 143, "Point & Click": 136, "Third Person": 125, "Walking Simulator": 114, "Mystery": 105, "Nudity": 91, "Puzzle": 63, "Funny": 49, "Comedy": 49, "Classic": 35}}, "377160": {"appid": 377160, "name": "Fallout 4", "developer": "Bethesda Game Studios", "publisher": "Bethesda Softworks", "score_rank": "", "positive": 311319, "negative": 64962, "userscore": 0, "owners": "10,000,000 .. 20,000,000", "average_forever": 5486, "average_2weeks": 277, "median_forever": 2973, "median_2weeks": 49, "price": "1999", "initialprice": "1999", "discount": "0", "ccu": 18855, "tags": {"Open World": 9728, "Post-apocalyptic": 8599, "Singleplayer": 6748, "Exploration": 6681, "RPG": 6188, "Adventure": 5101, "Atmospheric": 5045, "Shooter": 4847, "First-Person": 4397, "Story Rich": 4278, "Action": 3720, "Sci-fi": 3669, "FPS": 3655, "Action RPG": 3271, "Sandbox": 3254, "Great Soundtrack": 2968, "Third Person": 2900, "Survival": 2884, "Third-Person Shooter": 2304, "Character Customization": 1316}}, "1811260": {"appid": 1811260, "name": "EA SPORTS FIFA 23", "developer": "EA Canada &amp; EA Romania", "publisher": "Electronic Arts", "score_rank": "", "positive": 85449, "negative": 65349, "userscore": 0, "owners": "10,000,000 .. 20,000,000", "average_forever": 10715, "average_2weeks": 1179, "median_forever": 4166, "median_2weeks": 1764, "price": "0", "initialprice": "0", "discount": "0", "ccu": 4142, "tags": {"Football (Soccer)": 976, "Sports": 818, "Controller": 751, "e-sports": 729, "PvP": 719, "Management": 693, "Simulation": 682, "Team-Based": 676, "Realistic": 665, "Third Person": 665, "Immersive Sim": 639, "Multiplayer": 611, "Local Multiplayer": 576, "Local Co-Op": 567, "Co-op": 558, "Singleplayer": 526, "Online Co-Op": 525, "PvE": 168, "Free to Play": 58, "LGBTQ+": 31}}, "594650": {"appid": 594650, "name": "Hunt: Showdown 1896", "developer": "Crytek", "publisher": "Crytek", "score_rank": "", "positive": 168956, "negative": 57991, "userscore": 0, "owners": "10,000,000 .. 20,000,000", "average_forever": 12145, "average_2weeks": 1118, "median_forever": 1109, "median_2weeks": 930, "price": "2999", "initialprice": "2999", "discount": "0", "ccu": 20686, "tags": {"Open World": 2704, "Extraction Shooter": 2544, "Atmospheric": 2458, "Tactical": 2451, "Multiplayer": 2433, "FPS": 2354, "Perma Death": 2280, "Western": 2242, "Shooter": 2235, "PvP": 2229, "Horror": 2211, "Online Co-Op": 2183, "Survival Horror": 2175, "Difficult": 2147, "Co-op": 2145, "Battle Royale": 2117, "Team-Based": 2107, "Action": 2058, "Gore": 2000, "Zombies": 1867}}, "107410": {"appid": 107410, "name": "Arma 3", "developer": "Bohemia Interactive", "publisher": "Bohemia Interactive", "score_rank": "", "positive": 245163, "negative": 26079, "userscore": 0, "owners": "5,000,000 .. 10,000,000", "average_forever": 11373, "average_2weeks": 523, "median_forever": 965, "median_2weeks": 133, "price": "2999", "initialprice": "2999", "discount": "0", "ccu": 9359, "tags": {"Military": 5928, "Action": 5744, "Multiplayer": 5625, "Shooter": 5186, "Simulation": 5185, "Realistic": 4420, "First-Person": 4231, "Open World": 3935, "Tactical": 3811, "FPS": 3763, "War": 3501, "Co-op": 3370, "Strategy": 2752, "Sandbox": 2697, "Singleplayer": 2065, "Moddable": 1954, "Combat": 1928, "Online Co-Op": 1872, "Team-Based": 1764, "Third-Person Shooter": 1735}}, "1238810": {"appid": 1238810, "name": "Battlefield V", "developer": "DICE", "publisher": "Electronic Arts", "score_rank": "", "positive": 158727, "negative": 65932, "userscore": 0, "owners": "5,000,000 .. 10,000,000", "average_forever": 1832, "average_2weeks": 213, "median_forever": 711, "median_2weeks": 71, "price": "4999", "initialprice": "4999", "discount": "0", "ccu": 25562, "tags": {"FPS": 850, "Multiplayer": 748, "World War II": 733, "Singleplayer": 719, "Shooter": 694, "War": 621, "Military": 539, "First-Person": 485, "Massively Multiplayer": 457, "PvP": 448, "Combat": 445, "Open World": 409, "Action": 393, "Historical": 384, "Destruction": 345, "Battle Royale": 319, "Atmospheric": 303, "Violent": 215, "Sexual Content": 206, "Female Protagonist": 141}}, "289070": {"appid": 289070, "name": "Sid Meier\u2019s Civilization VI", "developer": "Firaxis Games, Aspyr (Mac), Aspyr (Linux)", "publisher": "2K, Aspyr (Mac), Aspyr (Linux)", "score_rank": "", "positive": 282080, "negative": 44372, "userscore": 0, "owners": "5,000,000 .. 10,000,000", "average_forever": 5190, "average_2weeks": 609, "median_forever": 1417, "median_2weeks": 155, "price": "5999", "initialprice": "5999", "discount": "0", "ccu": 65878, "tags": {"Strategy": 3440, "Turn-Based Strategy": 2483, "Multiplayer": 1675, "Historical": 1653, "Singleplayer": 1361, "Grand Strategy": 1358, "Turn-Based": 1299, "4X": 1133, "War": 1056, "Simulation": 1033, "City Builder": 1011, "Tactical": 786, "Management": 596, "Building": 588, "Great Soundtrack": 481, "Moddable": 467, "Online Co-Op": 465, "Co-op": 449, "Hex Grid": 390, "Atmospheric": 193}}, "255710": {"appid": 255710, "name": "Cities: Skylines", "developer": "Colossal Order Ltd.", "publisher": "Paradox Interactive", "score_rank": "", "positive": 242511, "negative": 17470, "userscore": 0, "owners": "5,000,000 .. 10,000,000", "average_forever": 3189, "average_2weeks": 18, "median_forever": 649, "median_2weeks": 19, "price": "2999", "initialprice": "2999", "discount": "0", "ccu": 10682, "tags": {"City Builder": 5046, "Simulation": 3643, "Building": 3062, "Management": 2530, "Strategy": 2354, "Sandbox": 2164, "Singleplayer": 2069, "Moddable": 1797, "Economy": 1791, "Resource Management": 1412, "Mod": 1297, "Realistic": 1023, "Replay Value": 805, "Casual": 753, "Modern": 649, "Real-Time with Pause": 628, "Family Friendly": 599, "Great Soundtrack": 498, "Funny": 329, "Action": 148}}, "218230": {"appid": 218230, "name": "PlanetSide 2", "developer": "Rogue Planet Games", "publisher": "Daybreak Game Company", "score_rank": "", "positive": 58451, "negative": 13683, "userscore": 0, "owners": "5,000,000 .. 10,000,000", "average_forever": 992, "average_2weeks": 0, "median_forever": 105, "median_2weeks": 0, "price": "0", "initialprice": "0", "discount": "0", "ccu": 841, "tags": {"Free to Play": 2949, "FPS": 1967, "Massively Multiplayer": 1950, "Shooter": 1520, "Action": 1434, "Open World": 1212, "Multiplayer": 1115, "Team-Based": 1007, "Sci-fi": 861, "War": 804, "Tactical": 798, "First-Person": 739, "PvP": 629, "Futuristic": 612, "Online Co-Op": 535, "Co-op": 534, "Strategy": 464, "Space": 389, "Adventure": 330, "RPG": 306}}, "60": {"appid": 60, "name": "Ricochet", "developer": "Valve", "publisher": "Valve", "score_rank": "", "positive": 4755, "negative": 1011, "userscore": 0, "owners": "5,000,000 .. 10,000,000", "average_forever": 87, "average_2weeks": 0, "median_forever": 3, "median_2weeks": 0, "price": "499", "initialprice": "499", "discount": "0", "ccu": 6, "tags": {"Action": 591, "FPS": 135, "Multiplayer": 118, "Classic": 95, "First-Person": 86, "Sci-fi": 61, "Shooter": 58, "Space": 46, "Cyberpunk": 39, "Psychological Horror": 34, "Memes": 32, "Retro": 31, "Platformer": 31, "3D": 31, "Old School": 29, "Conspiracy": 29, "Cult Classic": 26, "Competitive": 24, "Sports": 14, "Great Soundtrack": 12}}, "632360": {"appid": 632360, "name": "Risk of Rain 2", "developer": "Hopoo Games", "publisher": "Gearbox Publishing", "score_rank": "", "positive": 271665, "negative": 18628, "userscore": 0, "owners": "5,000,000 .. 10,000,000", "average_forever": 2756, "average_2weeks": 588, "median_forever": 942, "median_2weeks": 280, "price": "824", "initialprice": "2499", "discount": "67", "ccu": 28678, "tags": {"Third-Person Shooter": 2799, "Action Roguelike": 2639, "Multiplayer": 2577, "Co-op": 2253, "Action": 2177, "Rogue-lite": 2115, "Rogue-like": 1976, "Looter Shooter": 1972, "Loot": 1630, "Online Co-Op": 1303, "Shooter": 1239, "Difficult": 1093, "Third Person": 1072, "Great Soundtrack": 1056, "Indie": 1048, "Survival": 1027, "Singleplayer": 1010, "Soundtrack": 930, "Early Access": 648, "Bullet Hell": 482}}, "72850": {"appid": 72850, "name": "The Elder Scrolls V: Skyrim", "developer": "Bethesda Game Studios", "publisher": "Bethesda Softworks", "score_rank": "", "positive": 299929, "negative": 16273, "userscore": 0, "owners": "5,000,000 .. 10,000,000", "average_forever": 7613, "average_2weeks": 217, "median_forever": 3673, "median_2weeks": 375, "price": "1999", "initialprice": "1999", "discount": "0", "ccu": 1796, "tags": {"Open World": 9960, "RPG": 8662, "Fantasy": 6187, "Adventure": 5546, "Dragons": 4813, "Moddable": 4804, "First-Person": 3951, "Action": 3521, "Medieval": 3457, "Singleplayer": 3413, "Magic": 3361, "Story Rich": 2957, "Great Soundtrack": 2822, "Sandbox": 2502, "Lore-Rich": 2454, "Atmospheric": 2428, "Character Customization": 2347, "Action RPG": 1808, "Third Person": 1744, "Epic": 1542}}, "221100": {"appid": 221100, "name": "DayZ", "developer": "Bohemia Interactive", "publisher": "Bohemia Interactive", "score_rank": "", "positive": 303484, "negative": 95934, "userscore": 0, "owners": "5,000,000 .. 10,000,000", "average_forever": 12730, "average_2weeks": 756, "median_forever": 2511, "median_2weeks": 243, "price": "4999", "initialprice": "4999", "discount": "0", "ccu": 32241, "tags": {"Survival": 15752, "Online Co-Op": 10444, "Open World": 10411, "Multiplayer": 10364, "Post-apocalyptic": 10338, "Shooter": 10324, "PvP": 10322, "Zombies": 10320, "Action": 10303, "Massively Multiplayer": 10290, "FPS": 10279, "Horror": 10277, "Simulation": 10275, "Sandbox": 10269, "First-Person": 10262, "Survival Horror": 10260, "Adventure": 10260, "Co-op": 10260, "Choose Your Own Adventure": 10250, "Atmospheric": 10248}}, "204360": {"appid": 204360, "name": "Castle Crashers", "developer": "The Behemoth", "publisher": "The Behemoth", "score_rank": "", "positive": 112820, "negative": 4537, "userscore": 0, "owners": "5,000,000 .. 10,000,000", "average_forever": 541, "average_2weeks": 198, "median_forever": 285, "median_2weeks": 324, "price": "1499", "initialprice": "1499", "discount": "0", "ccu": 1214, "tags": {"2D": 2116, "Online Co-Op": 2107, "Co-op": 2083, "Beat 'em up": 2081, "Hack and Slash": 2079, "Funny": 2072, "Adventure": 2056, "4 Player Local": 1763, "Local Co-Op": 1613, "Multiplayer": 1576, "Local Multiplayer": 1549, "Action": 1515, "Singleplayer": 1082, "Medieval": 1042, "Cartoony": 1039, "Cute": 1012, "Comedy": 989, "RPG": 985, "Arcade": 982, "Casual": 975}}, "1089350": {"appid": 1089350, "name": "NBA 2K20", "developer": "Visual Concepts", "publisher": "2K", "score_rank": "", "positive": 30361, "negative": 30448, "userscore": 0, "owners": "5,000,000 .. 10,000,000", "average_forever": 9031, "average_2weeks": 0, "median_forever": 2396, "median_2weeks": 0, "price": "0", "initialprice": "0", "discount": "0", "ccu": 461, "tags": {"Basketball": 296, "Sports": 186, "Simulation": 126, "Multiplayer": 112, "Singleplayer": 51, "Capitalism": 39, "Loot": 23, "Casual": 22, "Local Multiplayer": 17, "Massively Multiplayer": 15, "Character Customization": 15, "Controller": 15, "Realistic": 13}}, "96000": {"appid": 96000, "name": "The Tiny Bang Story", "developer": "Colibri Games", "publisher": "Colibri Games", "score_rank": "", "positive": 5546, "negative": 796, "userscore": 0, "owners": "5,000,000 .. 10,000,000", "average_forever": 314, "average_2weeks": 0, "median_forever": 309, "median_2weeks": 0, "price": "499", "initialprice": "499", "discount": "0", "ccu": 11, "tags": {"Puzzle": 4576, "Point & Click": 4576, "Hand-drawn": 4571, "Steampunk": 246, "Retro": 240, "Atmospheric": 237, "2D": 234, "Story Rich": 227, "Casual": 226, "Family Friendly": 223, "Cute": 221, "Surreal": 215, "Stylized": 215, "Adventure": 203, "Hidden Object": 176, "Singleplayer": 175, "Indie": 148, "Minigames": 143, "Logic": 138, "Relaxing": 133}}, "1326470": {"appid": 1326470, "name": "Sons Of The Forest", "developer": "Endnight Games Ltd", "publisher": "Newnight", "score_rank": "", "positive": 176272, "negative": 27823, "userscore": 0, "owners": "5,000,000 .. 10,000,000", "average_forever": 1293, "average_2weeks": 366, "median_forever": 696, "median_2weeks": 366, "price": "2999", "initialprice": "2999", "discount": "0", "ccu": 7758, "tags": {"Survival": 2117, "Open World": 1945, "Multiplayer": 1905, "Co-op": 1786, "Survival Horror": 1775, "Base-Building": 1584, "Horror": 1368, "Crafting": 1346, "First-Person": 1191, "Exploration": 1141, "Building": 1106, "Adventure": 1087, "Singleplayer": 1009, "Atmospheric": 926, "Action-Adventure": 839, "Sandbox": 820, "Action": 729, "Simulation": 707, "Early Access": 536, "Immersive Sim": 531}}, "1046930": {"appid": 1046930, "name": "Dota Underlords", "developer": "Valve", "publisher": "Valve", "score_rank": "", "positive": 74626, "negative": 16126, "userscore": 0, "owners": "5,000,000 .. 10,000,000", "average_forever": 2138, "average_2weeks": 40, "median_forever": 226, "median_2weeks": 54, "price": "0", "initialprice": "0", "discount": "0", "ccu": 1444, "tags": {"Free to Play": 718, "Strategy": 594, "Auto Battler": 493, "Casual": 479, "Multiplayer": 257, "Tactical": 188, "Chess": 184, "Turn-Based Tactics": 178, "Turn-Based": 145, "Mature": 99, "Competitive": 84, "Fantasy": 67, "Board Game": 62, "Card Game": 59, "Deckbuilding": 56, "Singleplayer": 54, "PvP": 45, "Co-op": 40, "Automation": 38, "MOBA": 27}}, "275850": {"appid": 275850, "name": "No Man's Sky", "developer": "Hello Games", "publisher": "Hello Games", "score_rank": "", "positive": 256240, "negative": 58772, "userscore": 0, "owners": "5,000,000 .. 10,000,000", "average_forever": 2918, "average_2weeks": 806, "median_forever": 1032, "median_2weeks": 104, "price": "2399", "initialprice": "5999", "discount": "60", "ccu": 12855, "tags": {"Open World": 5206, "Open World Survival Craft": 4986, "Space": 4903, "Exploration": 4674, "Sci-fi": 3768, "Survival": 3363, "Procedural Generation": 3132, "Adventure": 3047, "First-Person": 2927, "Sandbox": 2817, "Singleplayer": 2721, "Multiplayer": 2700, "Atmospheric": 2112, "Crafting": 2060, "Space Sim": 2033, "Indie": 1622, "Action": 1405, "Simulation": 1129, "FPS": 1011, "VR": 891}}}